{
  "images" : [
    {
      "filename" : "blue 4.png",
      "idiom" : "universal",
      "scale" : "1x"
    },
    {
      "appearances" : [
        {
          "appearance" : "luminosity",
          "value" : "dark"
        }
      ],
      "filename" : "blue_dark 1.png",
      "idiom" : "universal",
      "scale" : "1x"
    },
    {
      "filename" : "blue@2x 4.png",
      "idiom" : "universal",
      "scale" : "2x"
    },
    {
      "appearances" : [
        {
          "appearance" : "luminosity",
          "value" : "dark"
        }
      ],
      "filename" : "blue_dark@2x 1.png",
      "idiom" : "universal",
      "scale" : "2x"
    },
    {
      "filename" : "blue@3x 3.png",
      "idiom" : "universal",
      "scale" : "3x"
    },
    {
      "appearances" : [
        {
          "appearance" : "luminosity",
          "value" : "dark"
        }
      ],
      "filename" : "blue_dark@3x 1.png",
      "idiom" : "universal",
      "scale" : "3x"
    }
  ],
  "info" : {
    "author" : "xcode",
    "version" : 1
  }
}
